{
  "version": 1,
  "author": "Shashwat Shukla",
  "editor": "wokwi",
  "parts": [
    { "type": "board-esp32-devkit-c-v4", "id": "esp", "top": -9.6, "left": 62.44, "attrs": {} },
    {
      "type": "wokwi-pushbutton",
      "id": "btn1",
      "top": -13,
      "left": -134.4,
      "attrs": { "color": "green" }
    },
    {
      "type": "wokwi-pushbutton",
      "id": "btn2",
      "top": 35,
      "left": -134.4,
      "attrs": { "color": "yellow" }
    },
    {
      "type": "wokwi-pushbutton",
      "id": "btn3",
      "top": 83,
      "left": -134.4,
      "attrs": { "color": "red" }
    },
    {
      "type": "wokwi-pushbutton",
      "id": "btn4",
      "top": 159.8,
      "left": -134.4,
      "attrs": { "color": "blue" }
    },
    {
      "type": "board-ssd1306",
      "id": "oled1",
      "top": 51.14,
      "left": 192.23,
      "attrs": { "i2cAddress": "0x3c" }
    },
    {
      "type": "wokwi-pushbutton",
      "id": "btn5",
      "top": 207.8,
      "left": -134.4,
      "attrs": { "color": "black" }
    }
  ],
  "connections": [
    [ "esp:TX", "$serialMonitor:RX", "", [] ],
    [ "esp:RX", "$serialMonitor:TX", "", [] ],
    [ "btn1:1.r", "esp:13", "green", [ "v0", "h57.8", "v153.6" ] ],
    [ "btn1:2.r", "esp:GND.1", "blue", [ "h48.2", "v125" ] ],
    [ "btn2:1.r", "esp:33", "green", [ "v0", "h38.6", "v38.4" ] ],
    [ "btn2:2.r", "esp:GND.1", "blue", [ "h29", "v77", "h9.6" ] ],
    [ "btn3:1.r", "esp:14", "green", [ "v0", "h19.4", "v28.8" ] ],
    [ "btn3:2.r", "esp:GND.1", "blue", [ "h9.8", "v0.2", "h0", "v28.8" ] ],
    [ "btn4:1.r", "esp:27", "green", [ "v0", "h77", "v-57.6" ] ],
    [ "btn4:2.r", "esp:GND.1", "blue", [ "h77", "v0.2", "h9.6", "v-48" ] ],
    [ "btn5:1.r", "esp:26", "green", [ "v0", "h115.4", "v-115.2" ] ],
    [ "btn5:2.r", "esp:GND.1", "blue", [ "h115.4", "v0.2", "h9.6", "v-96" ] ],
    [ "oled1:VCC", "esp:3V3", "red", [ "v-86.4", "h-163.05" ] ],
    [ "oled1:GND", "esp:GND.2", "blue", [ "v-28.8" ] ],
    [ "oled1:SCL", "esp:22", "green", [ "v-19.2", "h-76.5", "v9.6" ] ],
    [ "oled1:SDA", "esp:21", "green", [ "v-19.2", "h48.07", "v124.8", "h-124.8", "v-96" ] ]
  ],
  "dependencies": {}
}